<?xml version="1.0" encoding="utf-8"?>
<rss version="2.0" xmlns:sparkle="http://www.andymatuschak.org/xml-namespaces/sparkle"  xmlns:dc="http://purl.org/dc/elements/1.1/">
	<channel>
		<title>Symbol Organizer</title>
		<link>http://sparkle-project.org/files/sparkletestcast.xml</link>
		<description>Organize your symbols page, and layer list, alphabetically and into groupings determined by your symbol names.</description>
		<language>en</language>
		<item>
			<title>Version 14.4</title>
			<description>
				<![CDATA[
				<ul>
				<li>Rolling back to previous code for Remove Unused Symbols, due to feedback that it's not working as desired.</li>
				</ul>
				]]>
			</description>
			<enclosure url="https://github.com/sonburn/symbol-organizer/archive/master.zip" sparkle:version="14.4" />
		</item>
	</channel>
</rss>
