<?xml version="1.0" encoding="utf-8"?>
<rss version="2.0" xmlns:sparkle="http://www.andymatuschak.org/xml-namespaces/sparkle"  xmlns:dc="http://purl.org/dc/elements/1.1/">
	<channel>
		<title>Shared Style Finder</title>
		<link>http://sparkle-project.org/files/sparkletestcast.xml</link>
		<description>Find instances of a shared layer or text style.</description>
		<language>en</language>
		<item>
			<title>Version 0.3</title>
			<description>
				<![CDATA[
				<ul>
				<li>Fix for Sketch 48 change of currentView to contentDrawView.</li>
				</ul>
				]]>
			</description>
			<enclosure url="https://github.com/sonburn/shared-style-finder/archive/master.zip" sparkle:version="0.3" />
		</item>
	</channel>
</rss>
