<?xml version="1.0" encoding="utf-8"?>
<rss version="2.0" xmlns:sparkle="http://www.andymatuschak.org/xml-namespaces/sparkle"  xmlns:dc="http://purl.org/dc/elements/1.1/">
	<channel>
		<title>Symbol Instance Locator</title>
		<link>http://sparkle-project.org/files/sparkletestcast.xml</link>
		<description>Locate all instances of a selected symbol or instance.</description>
		<language>en</language>
		<item>
			<title>Version 1.7</title>
			<description>
				<![CDATA[
				<ul>
				<li>Fix for Sketch 48 change of currentView to contentDrawView.</li>
				</ul>
				]]>
			</description>
			<enclosure url="https://github.com/sonburn/symbol-instance-locator/archive/master.zip" sparkle:version="1.7" />
		</item>
	</channel>
</rss>
