{
    "id" : "com.midnightsketch.lark",
    "name" : "Lark",
    "description" : "Use this ultra-light daytime theme when you take your laptop to the park.",
    "author" : "Midnight",
    "appearance" : "light",
    "toolbarIconsTheme" : "bright",
    "colors" : {
        "text" : "3B4150",
        "textfieldBackground" : "FFFFFF",
        "textfieldBorder" : "DFE2E9",
        "canvas" : "F6F7FB",
        "canvasEmpty" : "F6F7FB",
        "sidebars" : "F5F6F9",
        "toolbar" : ["FEFEFE", "EAEDF0"],
        "tabbar" : "E7EAEC",
        "accent" : "4886FF",
        "borders" : "DFE1E8",
        "layerListArtboard" : "E6E9EE",
        "layerListLayerOdd" : "F6F7F9",
        "layerListLayerEven" : "FFFFFF",
        "inspectorSectionHeader" : ["E7E8EF","F5F6F9"],
        "inspectorSectionHeaderDark" : "E7E8EF",
        "colorPickerBackground" : "353432",
        "sheetBackground" : "E6E8EF",
        "sheetHeader" : "FFFFFF",
        "sharedObjectSectionHeader" : "DDE0E9",
        "sharedObjectSectionHeaderLight" : "DDE0E9",
        "overridesHeader" : ["E7E8EF","F5F6F9"],
        "stepperBackground" : "DCDDDE",
        "stepperArrows" : "64676A",
        "rulerBackground" : "EAECF2",
        "rulerTicks" : "AAAFBE",
        "indentGuides" : "DADCE0",
        "indentGuidesSelected" : "F2F2F2",
        "bottomGradient" : ["FFFFFF","DFE2EA"]
    }
}