{
    "id" : "com.midnightsketch.nightowl",
    "name" : "Night Owl",
    "description" : "A darker theme with cooler bluish tones for late night design sessions.",
    "author" : "Midnight",
    "appearance" : "dark",
    "toolbarIconsTheme" : "mono",
    "colors" : {
        "text" : "dddddd",
        "textfieldBackground" : "101113",
        "textfieldBorder" : "333538",
        "canvas" : "121212",
        "canvasEmpty" : "121212",
        "sidebars" : "171819",
        "toolbar" : ["1B1C1E", "131314"],
        "tabbar" : "121212",
        "accent" : "1C8AFF",
        "borders" : "222426",
        "layerListArtboard" : "212325",
        "layerListLayerOdd" : "171819",
        "layerListLayerEven" : "141516",
        "inspectorSectionHeader" : ["121313","171819"],
        "inspectorSectionHeaderDark" : "121213",
        "colorPickerBackground" : "353432",
        "sheetBackground" : "161617",
        "sheetHeader" : "1B1D1E",
        "sharedObjectSectionHeader" : "222426",
        "sharedObjectSectionHeaderLight" : "46494C",
        "overridesHeader" : ["222426","171819"],
        "stepperBackground" : "1F2021",
        "stepperArrows" : "64676A",
        "rulerBackground" : "121212",
        "rulerTicks" : "3A3E40",
        "indentGuides" : "212325",
        "indentGuidesSelected" : "BCDAFB",
        "bottomGradient" : ["1D1E1F","171819"]
    }
}