<?xml version="1.0" encoding="utf-8"?>
<rss version="2.0" xmlns:sparkle="http://www.andymatuschak.org/xml-namespaces/sparkle"  xmlns:dc="http://purl.org/dc/elements/1.1/">
	<channel>
		<title>Symbol Instance Renamer</title>
		<link>http://sparkle-project.org/files/sparkletestcast.xml</link>
		<description>Rename all symbol instances to the name of their master.</description>
		<language>en</language>
		<item>
			<title>Version 2.4</title>
			<description>
				<![CDATA[
				<ul>
				<li>Added new function to rename all instances of selected symbol(s).</li>
				</ul>
				]]>
			</description>
			<enclosure url="https://github.com/sonburn/symbol-instance-renamer/archive/master.zip" sparkle:version="2.4" />
		</item>
	</channel>
</rss>
