{
    "name": "Automate Sketch",
    "description": "讓您的工作更高效。",
    "author": "Ashung Hung",
    "email": "Ashung.hung@gmail.com",
    "homepage": "https://github.com/Ashung/Automate-Sketch",
    "appcast": "https://ashung.github.io/Automate-Sketch/appcast.xml",
    "version": "48.2.20180123",
    "identifier": "com.ashung.hung.automate_sketch",
    "compatibleVersion": "40",
    "bundleVersion": "1",
    "commands": [
        {
            "name": "帶邊距適配父級寬",
            "identifier": "fix_to_parent_width_with_margin",
            "handler": "fixToParentWidthWithMargin",
            "script": "Layer/Fix_to_Parent_Width_or_Height_with_Margin.cocoascript"
        },
        {
            "name": "帶邊距適配父級高",
            "identifier": "fix_to_parent_height_with_margin",
            "handler": "fixToParentHeightWithMargin",
            "script": "Layer/Fix_to_Parent_Width_or_Height_with_Margin.cocoascript"
        },
        {
            "name": "帶邊距適配父級",
            "identifier": "fix_to_parent_with_margin",
            "script": "Layer/Fix_to_Parent_with_Margin.cocoascript"
        },
        {
            "name": "為選中物件增加邊界層",
            "identifier": "bounds_layer_for_every_selection",
            "script": "Layer/Bounds_Layer_for_Every_Selection.cocoascript"
        },
        {
            "name": "均分圖層",
            "identifier": "divide_layer",
            "script": "Layer/Divide_Layer.cocoascript"
        },
        {
            "name": "解鎖當頁所有圖層",
            "identifier": "unlock_all_layers",
            "script": "Layer/Unlock_All_Layers.cocoascript"
        },
        {
            "name": "穿透點選關閉",
            "identifier": "click_through_off",
            "handler": "clickThroughOff",
            "script": "Layer/Click_Through.cocoascript"
        },
        {
            "name": "穿透點選開啟",
            "identifier": "click_through_on",
            "handler": "clickThroughOn",
            "script": "Layer/Click_Through.cocoascript"
        },
        {
            "name": "組",
            "identifier": "select_layers_by_type_group",
            "handler": "selectAllGroupsInSelection",
            "script": "Layer/Select_Layers_By_Type.cocoascript"
        },
        {
            "name": "文字圖層",
            "identifier": "select_layers_by_type_text",
            "handler": "selectAllTextsInSelection",
            "script": "Layer/Select_Layers_By_Type.cocoascript"
        },
        {
            "name": "形狀圖層",
            "identifier": "select_layers_by_type_shape",
            "handler": "selectAllShapesInSelection",
            "script": "Layer/Select_Layers_By_Type.cocoascript"
        },
        {
            "name": "圖形",
            "identifier": "select_layers_by_type_image",
            "handler": "selectAllImagesInSelection",
            "script": "Layer/Select_Layers_By_Type.cocoascript"
        },
        {
            "name": "元件例項",
            "identifier": "select_layers_by_type_symbol_instance",
            "handler": "selectAllSymbolInstancesInSelection",
            "script": "Layer/Select_Layers_By_Type.cocoascript"
        },
        {
            "name": "切片",
            "identifier": "select_layers_by_type_slice",
            "handler": "selectAllSlicesInSelection",
            "script": "Layer/Select_Layers_By_Type.cocoascript"
        },
        {
            "name": "可匯出圖層",
            "identifier": "select_layers_by_type_exportable",
            "handler": "selectAllExportableInSelection",
            "script": "Layer/Select_Layers_By_Type.cocoascript"
        },
        {
            "name": "據名稱選擇選中物件內所有圖層",
            "identifier": "select_layers_by_name",
            "script": "Layer/Select_Layers_By_Name.cocoascript"
        },
        {
            "name": "隐藏圖層",
            "identifier": "select_all_hidden_layers",
            "script": "Layer/Select_All_Hidden_Layers.cocoascript"
        },
        {
            "name": "選擇選中物件內所有子圖層",
            "identifier": "select_all_child_layers",
            "script": "Layer/Select_All_Child_Layers.cocoascript"
        },
        {
            "name": "選擇父級",
            "identifier": "select_parent_groups",
            "script": "Layer/Select_Parent_Groups.cocoascript"
        },
        {
            "name": "清理圖層名",
            "identifier": "clear_layer_name",
            "script": "Layer/Clear_Layer_Name.cocoascript"
        },
        {
            "name": "刪除不必要的嵌套組",
            "identifier": "remove_redundant_groups",
            "script": "Layer/Remove_Redundant_Groups.cocoascript"
        },
        {
            "name": "清除空圖層組",
            "identifier": "remove_empty_groups",
            "script": "Layer/Remove_Empty_Groups.cocoascript"
        },
        {
            "name": "清除隱藏圖層",
            "identifier": "remove_hidden_layers",
            "script": "Layer/Remove_Hidden_Layers.cocoascript"
        },
        {
            "name": "建立引用圖層",
            "identifier": "create_include_layer",
            "handler": "createIncludeLayer",
            "script": "Layer/Include_Layers.cocoascript"
        },
        {
            "name": "同步引用圖層",
            "identifier": "sync_include_layers",
            "handler": "syncIncludeLayers",
            "script": "Layer/Include_Layers.cocoascript"
        },
        {
            "name": "兩物件互換位置",
            "identifier": "change_layer_places",
            "script": "Arrange/Change_Places.cocoascript"
        },
        {
            "name": "兩物件基於中心互換位置",
            "identifier": "change_layer_places_center",
            "script": "Arrange/Change_Places.cocoascript"
        },
        {
            "name": "水平排列物件",
            "identifier": "tile_layers_by_position_x",
            "handler": "tileLayersByPositionX",
            "script": "Arrange/Tile_Objects.cocoascript"
        },
        {
            "name": "垂直排列物件",
            "identifier": "tile_layers_by_position_y",
            "handler": "tileLayersByPositionY",
            "script": "Arrange/Tile_Objects.cocoascript"
        },
        {
            "name": "據圖層列表順序水平排列物件",
            "identifier": "tile_layers_horizontally_by_index",
            "handler": "tileLayersHorizontallyByIndex",
            "script": "Arrange/Tile_Objects.cocoascript"
        },
        {
            "name": "據圖層列表順序垂直排列物件",
            "identifier": "tile_layers_vertically_by_index",
            "handler": "tileLayersVerticallyByIndex",
            "script": "Arrange/Tile_Objects.cocoascript"
        },
        {
            "name": "X 座標值",
            "identifier": "order_layers_by_x",
            "handler": "orderLayersByX",
            "script": "Arrange/Order_Layers_by_Position_XY.cocoascript"
        },
        {
            "name": "Y 座標值",
            "identifier": "order_layers_by_y",
            "handler": "orderLayersByY",
            "script": "Arrange/Order_Layers_by_Position_XY.cocoascript"
        },
        {
            "name": "反轉列表順序",
            "identifier": "reverse_layer_order",
            "script": "Arrange/Reverse_Layer_Order.cocoascript"
        },
        {
            "name": "名稱",
            "identifier": "order_layers_by_name",
            "script": "Arrange/Order_Layers_by_Name.cocoascript"
        },
        {
            "name": "型別",
            "identifier": "order_layers_by_kind",
            "script": "Arrange/Order_Layers_by_Kind.cocoascript"
        },
        {
            "name": "首字大寫",
            "identifier": "capitalize",
            "script": "Type/Capitalize.cocoascript"
        },
        {
            "name": "更改西文字型",
            "identifier": "change_typeface_for_the_latin_character_set",
            "script": "Type/Change_Typeface_for_the_Latin_Character_Set.cocoascript"
        },
        {
            "name": "中西文字型間增加空格",
            "identifier": "add_space_between_cjk_and_western_character",
            "script": "Type/Add_Space_Between_CJK_and_Western_Character.cocoascript"
        },
        {
            "name": "取消當頁固定圖層名",
            "identifier": "unfixed_layer_name",
            "script": "Type/Unfixed_Layer_Name.cocoascript"
        },
        {
            "name": "替換缺失字型",
            "identifier": "replace_missing_fonts",
            "script": "Type/Replace_Missing_Fonts.cocoascript"
        },
        {
            "name": "替換字型",
            "identifier": "replace_fonts",
            "script": "Type/Replace_Fonts.cocoascript"
        },
        {
            "name": "清除當頁切片",
            "identifier": "clear_slices",
            "script": "Slice/Clear_Slices.cocoascript"
        },
        {
            "name": "清除全部可匯出設定",
            "identifier": "clear_exportables",
            "script": "Slice/Clear_Exportables.cocoascript"
        },
        {
            "name": "從選擇物件新建畫板",
            "identifier": "artboard_from_selection",
            "script": "Artboard/Artboard_from_Selection.cocoascript"
        },
        {
            "name": "從組新建畫板",
            "identifier": "artboard_from_group",
            "script": "Artboard/Artboard_From_Group.cocoascript"
        },
        {
            "name": "畫板轉為組",
            "identifier": "artboard_to_group",
            "script": "Artboard/Artboard_to_Group.cocoascript"
        },
        {
            "name": "匯出所有畫板",
            "identifier": "export_all_artboards",
            "script": "Artboard/Export_All_Artboards.cocoascript"
        },
        {
            "name": "將所有畫板匯出為 HTML",
            "identifier": "export_all_artboards_to_html",
            "script": "Artboard/Export_All_Artboards_to_HTML.cocoascript"
        },
        {
            "name": "調整畫板以適配高度",
            "identifier": "resize_to_fit_height",
            "script": "Artboard/Resize_to_Fit_Height.cocoascript"
        },
        {
            "name": "移动畫板至另一畫板下方",
            "identifier": "move_artboards_to_bottom_of_another",
            "script": "Artboard/Move_Artboards_to_Bottom_of_Another.cocoascript"
        },
        {
            "name": "選擇元件的所有例項",
            "identifier": "select_all_instances_of_symbol",
            "script": "Symbol/Select_All_Instances_of_Symbol.cocoascript"
        },
        {
            "name": "重新命名例項",
            "identifier": "rename_instances",
            "script": "Symbol/Rename_Instances.cocoascript"
        },
        {
            "name": "自定義例項名稱",
            "identifier": "custom_instances_name",
            "script": "Symbol/Custom_Instances_Name.cocoascript"
        },
        {
            "name": "將選中圖層直接變為元件",
            "identifier": "selection_to_symbol_master",
            "script": "Symbol/Selection_to_Symbol.cocoascript"
        },
        {
            "name": "將選中的未用元件轉為組",
            "identifier": "detach_unused_symbol_master",
            "script": "Symbol/Detach_Unused_Symbol_Master.cocoascript"
        },
        {
            "name": "刪除未用元件",
            "identifier": "remove_unused_symbols",
            "script": "Symbol/Remove_Unused_Symbols_New.cocoascript"
        },
        {
            "name": "刪除未用元件 (舊版相容)",
            "identifier": "remove_unused_symbols_old",
            "script": "Symbol/Remove_Unused_Symbols.cocoascript"
        },
        {
            "name": "設為原始寬度",
            "identifier": "set_to_original_width",
            "script": "Symbol/Set_to_Original_Width_or_Height.cocoascript"
        },
        {
            "name": "設為原始高度",
            "identifier": "set_to_original_height",
            "script": "Symbol/Set_to_Original_Width_or_Height.cocoascript"
        },
        {
            "name": "將所有元件匯出為 PNG",
            "identifier": "export_all_symbols_as_png",
            "script": "Symbol/Export_All_Symbols_As_PNG.cocoascript"
        },
        {
            "name": "基於 Symbol ID 從 Sketch 檔案同步元件模版",
            "identifier": "sync_symbol_master_from_sketch_file",
            "script": "Symbol/Sync_Symbol_Master_from_Sketch_File.cocoascript"
        },
        {
            "name": "從 Sketch 檔案替换同名頁面",
            "identifier": "replace_pages_from_sketch_file",
            "script": "Symbol/Replace_Pages_from_Sketch_File.cocoascript"
        },
        {
            "name": "從 CSS 色值新增單色填充",
            "identifier": "add_solid_fill_from_css_color",
            "script": "Style/Add_Solid_Fill_from_CSS_Color.cocoascript"
        },
        {
            "name": "從全局色版快速填充",
            "identifier": "fill_color_from_global_colors",
            "handler": "fillColorFromGlobalColors",
            "script": "Style/Fill_Color_from_Colors.cocoascript"
        },
        {
            "name": "從文件色版快速填充",
            "identifier": "fill_color_from_document_colors",
            "handler": "fillColorFromDocumentColors",
            "script": "Style/Fill_Color_from_Colors.cocoascript"
        },
        {
            "name": "",
            "identifier": "remove_all_disabled_styles",
            "script": "Style/Remove_All_Disabled_Styles.cocoascript"
        },
        {
            "name": "從 Sketch 檔案匯入資源",
            "identifier": "import_document_assets_from_sketch_file",
            "script": "Style/Import_Document_Assets_From_Sketch_File.cocoascript"
        },
        {
            "name": "從 Sketch 檔案匯入文字樣式",
            "identifier": "import_text_styles_from_sketch_file",
            "script": "Style/Import_Text_Styles_from_Sketch_File.cocoascript"
        },
        {
            "name": "從 Sketch 檔案匯入圖層樣式",
            "identifier": "import_layer_styles_from_sketch_file",
            "script": "Style/Import_Layer_Styles_from_Sketch_File.cocoascript"
        },
        {
            "name": "建立色彩指南",
            "identifier": "create_color_guide",
            "script": "Style/Create_Color_Guide.cocoascript"
        },
        {
            "name": "建立字型指南",
            "identifier": "create_typography_guide",
            "script": "Style/Create_Typography_Guide.cocoascript"
        },
        {
            "name": "清除輔助線",
            "identifier": "clear_guides",
            "script": "Guide/Clear_Guides.cocoascript"
        },
        {
            "name": "網格預設",
            "identifier": "grid_setting",
            "script": "Guide/Grid_Setting.cocoascript"
        },
        {
            "name": "SVG 匯出設定",
            "identifier": "svg_export_setting",
            "script": "Utilities/SVG_Export_Setting.cocoascript"
        },
        {
            "name": "微調距離設定",
            "identifier": "nudge_distance_setting",
            "script": "Utilities/Nudge_Distance_Setting.cocoascript"
        },
        {
            "name": "網站",
            "identifier": "web_site",
            "handler": "website",
            "script": "Help/help.cocoascript"
        },
        {
            "name": "問題反饋",
            "identifier": "report_issue",
            "handler": "reportIssue",
            "script": "Help/help.cocoascript"
        },
        {
            "name": "捐贈",
            "identifier": "donate",
            "handler": "donate",
            "script": "Help/help.cocoascript"
        },
        {
            "name": "更改選單語言",
            "identifier": "change_language",
            "script": "Help/Change_Languages.cocoascript"
        },
        {
            "name": "複製選中圖層的名稱",
            "identifier": "copy_selected_layer_name",
            "script": "Development/Copy_Selected_Layer_Name.cocoascript"
        },
        {
            "name": "複製切片的 Base64",
            "identifier": "copy_slice_as_base64",
            "script": "Development/Copy_Slice_As_Base64.cocoascript"
        },
        {
            "name": "在 Finder 中顯示",
            "identifier": "show_file_in_finder",
            "handler": "showFileInFinder",
            "script": "Development/Open_Finder_or_Terminal.cocoascript"
        },
        {
            "name": "在終端開啟",
            "identifier": "open_terminal_at_file_folder",
            "handler": "openTerminalAtFileFolder",
            "script": "Development/Open_Finder_or_Terminal.cocoascript"
        },
        {
            "name": "复制对象 ID 或组件 ID",
            "identifier": "copy_objectid_or_symbolid",
            "script": "Development/Copy_ObjectID_or_SymbolID.cocoascript"
        },
        {
            "name": "重新載入外掛",
            "identifier": "reload_plugins",
            "script": "Development/Reload_Plugins.cocoascript"
        },
        {
            "name": "外部外掛編輯器設定",
            "identifier": "edit_plugin_setting",
            "script": "Development/Edit_Plugin_Setting.cocoascript"
        },
        {
            "name": "指令碼編輯器設定",
            "identifier": "script_editor_setting",
            "script": "Development/Script_Editor_Setting.cocoascript"
        },
        {
            "name": "轉換 Sketch 檔案至其他版本",
            "identifier": "convert_to_other_version",
            "script": "Utilities/Convert_to_Other_Version.cocoascript"
        },
        {
            "name": "貼上並替換",
            "identifier": "paste_and_replace",
            "script": "Layer/Paste_and_Replace.cocoascript"
        },
        {
            "name": "互換填充和描邊",
            "identifier": "swap_fill_and_border",
            "script": "Style/Swap_Fill_and_Border.cocoascript"
        },
        {
            "name": "隱藏所有網格",
            "identifier": "hide_all_grid",
            "script": "Guide/Hide_All_Grid.cocoascript"
        },
        {
            "name": "隱藏所有佈局",
            "identifier": "hide_all_layout",
            "script": "Guide/Hide_All_Layout.cocoascript"
        },
        {
            "name": "複製網格",
            "identifier": "copy_grid_setting",
            "handler": "copyGrid",
            "script": "Guide/Copy_and_Paste_Grid_Setting.cocoascript"
        },
        {
            "name": "貼上網格",
            "identifier": "paste_grid_setting",
            "handler": "pasteGrid",
            "script": "Guide/Copy_and_Paste_Grid_Setting.cocoascript"
        },
        {
            "name": "複製佈局",
            "identifier": "copy_layout_setting",
            "handler": "copyLayout",
            "script": "Guide/Copy_and_Paste_Layout_Setting.cocoascript"
        },
        {
            "name": "貼上佈局",
            "identifier": "paste_layout_setting",
            "handler": "pasteLayout",
            "script": "Guide/Copy_and_Paste_Layout_Setting.cocoascript"
        },
        {
            "name": "複製輔助線",
            "identifier": "copy_guide_setting",
            "handler": "copyGuide",
            "script": "Guide/Copy_and_Paste_Guide_Setting.cocoascript"
        },
        {
            "name": "貼上輔助線",
            "identifier": "paste_guide_setting",
            "handler": "pasteGuide",
            "script": "Guide/Copy_and_Paste_Guide_Setting.cocoascript"
        },
        {
            "name": "智能排列對象",
            "identifier": "arrange_objects",
            "script": "Arrange/Arrange_Objects.cocoascript"
        },
        {
            "name": "修改基線偏移",
            "identifier": "baseline",
            "script": "Type/Baseline.cocoascript"
        },
        {
            "name": "自適應文字高度",
            "identifier": "resize_fit_text_height",
            "script": "Type/Resize_Fit_Text_Height.cocoascript"
        },
        {
            "name": "更改文字書寫方向",
            "identifier": "change_text_orientation",
            "script": "Type/Change_Text_Orientation.cocoascript"
        },
        {
            "name": "貼上填充",
            "identifier": "paste_style_fills",
            "script": "Style/Paste_Style_Part.cocoascript"
        },
        {
            "name": "貼上描邊",
            "identifier": "paste_style_borders",
            "script": "Style/Paste_Style_Part.cocoascript"
        },
        {
            "name": "貼上投影",
            "identifier": "paste_style_shadows",
            "script": "Style/Paste_Style_Part.cocoascript"
        },
        {
            "name": "貼上內陰影",
            "identifier": "paste_style_innershadows",
            "script": "Style/Paste_Style_Part.cocoascript"
        },
        {
            "name": "貼上模糊",
            "identifier": "paste_style_blur",
            "script": "Style/Paste_Style_Part.cocoascript"
        },
        {
            "name": "取消形狀圖層組",
            "identifier": "ungroup_shape_layer",
            "script": "Layer/Ungroup_Shape_Layer.cocoascript"
        },
        {
            "name": "選擇外部元件的所有例項",
            "identifier": "select_all_instances_of_imported_symbol",
            "script": "Symbol/Select_All_Instances_of_Imported_Symbol.cocoascript"
        },
        {
            "name": "基於 Symbol ID 將內部元件轉為庫元件",
            "identifier": "change_symbols_to_library_symbol",
            "script": "Library/Change_Symbols_to_Library_Symbol.cocoascript"
        },
        {
            "name": "使用庫元件替換內部元件",
            "identifier": "replace_symbol_with_library_symbol",
            "script": "Library/Replace_Symbol_With_Library_Symbol.cocoascript"
        },
        {
            "name": "新增庫預覽圖",
            "identifier": "add_library_preview",
            "script": "Library/Add_Library_Preview.cocoascript"
        },
        {
            "name": "刪除未使用圖層樣式",
            "identifier": "remove_unused_layer_styles",
            "script": "Style/Remove_Unused_Styles.cocoascript"
        },
        {
            "name": "刪除未使用文字樣式",
            "identifier": "remove_unused_text_styles",
            "script": "Style/Remove_Unused_Styles.cocoascript"
        },
        {
            "name": "解決庫 ID 衝突",
            "identifier": "fix_library_id_conflict",
            "script": "Library/Fix_Library_ID_Conflict.cocoascript"
        },
        {
            "name": "庫元件連結管理",
            "identifier": "imported_symbols_link_manage",
            "script": "Library/Imported_Symbols_Link_Manage.cocoascript"
        },
        {
            "name": "自動切片",
            "identifier": "auto_slice",
            "script": "Slice/Auto_Slice.cocoascript"
        },
        {
            "name": "選擇所有兄弟圖層",
            "identifier": "select_all_siblings_layers",
            "script": "Layer/Select_All_Siblings_Layers.cocoascript"
        },
        {
            "name": "儲存匯出預設",
            "identifier": "save_export_presets",
            "handler": "saveExportPresetsToFile",
            "script": "Slice/Export_Presets.cocoascript"
        },
        {
            "name": "載入匯出預設",
            "identifier": "load_export_presets",
            "handler": "loadExportPresetsFromFile",
            "script": "Slice/Export_Presets.cocoascript"
        },
        {
            "name": "建立庫元件",
            "identifier": "create_library_symbol",
            "script": "Library/Create_Library_Symbol.cocoascript"
        },
        {
            "name": "移動元件模版至另一頁",
            "identifier": "move_symbols_to_page",
            "script": "Symbol/Move_Symbols_To_Page.cocoascript"
        }
    ],
    "menu": {
        "isRoot": false,
        "title": "自動化",
        "items": [
            {
                "title": "排列",
                "items": [
                    "change_layer_places",
                    "change_layer_places_center",
                    "-",
                    "tile_layers_by_position_x",
                    "tile_layers_by_position_y",
                    "tile_layers_horizontally_by_index",
                    "tile_layers_vertically_by_index",
                    "-",
                    "arrange_objects",
                    "-",
                    {
                        "title": "調整列表順序據物件的...",
                        "items": [
                            "order_layers_by_x",
                            "order_layers_by_y",
                            "order_layers_by_name",
                            "order_layers_by_kind"
                        ]
                    },
                    "reverse_layer_order"
                ]
            },
            {
                "title": "圖層",
                "items": [
                    "fix_to_parent_with_margin",
                    "fix_to_parent_width_with_margin",
                    "fix_to_parent_height_with_margin",
                    "-",
                    "bounds_layer_for_every_selection",
                    "divide_layer",
                    "ungroup_shape_layer",
                    "-",
                    "unlock_all_layers",
                    "-",
                    "click_through_off",
                    "click_through_on",
                    "-",
                    {
                        "title": "據類型選擇選中物件內所有圖層",
                        "items": [
                            "select_layers_by_type_group",
                            "select_layers_by_type_text",
                            "select_layers_by_type_shape",
                            "select_layers_by_type_image",
                            "select_layers_by_type_symbol_instance",
                            "select_layers_by_type_slice",
                            "select_layers_by_type_exportable",
                            "-",
                            "select_all_hidden_layers"
                        ]
                    },
                    "select_layers_by_name",
                    "select_all_child_layers",
                    "select_all_siblings_layers",
                    "select_parent_groups",
                    "-",
                    "paste_and_replace",
                    "-",
                    "remove_redundant_groups",
                    "remove_hidden_layers",
                    "remove_empty_groups",
                    "-",
                    "clear_layer_name",
                    "-",
                    "create_include_layer",
                    "sync_include_layers"
                ]
            },
            {
                "title": "元件",
                "items": [
                    "set_to_original_width",
                    "set_to_original_height",
                    "-",
                    "select_all_instances_of_symbol",
                    "select_all_instances_of_imported_symbol",
                    "rename_instances",
                    "custom_instances_name",
                    "-",
                    "move_symbols_to_page",
                    "selection_to_symbol_master",
                    "detach_unused_symbol_master",
                    "remove_unused_symbols",
                    "remove_unused_symbols_old",
                    "-",
                    "export_all_symbols_as_png",
                    "-",
                    "sync_symbol_master_from_sketch_file",
                    "replace_pages_from_sketch_file"
                ]
            },
            {
                "title": "庫",
                "items": [
                    "fix_library_id_conflict",
                    "imported_symbols_link_manage",
                    "-",
                    "replace_symbol_with_library_symbol",
                    "change_symbols_to_library_symbol",
                    "-",
                    "add_library_preview"
                ]
            },
            {
                "title": "畫板",
                "items": [
                    "artboard_from_selection",
                    "artboard_from_group",
                    "artboard_to_group",
                    "-",
                    "resize_to_fit_height",
                    "-",
                    "move_artboards_to_bottom_of_another",
                    "-",
                    "export_all_artboards",
                    "export_all_artboards_to_html"
                ]
            },
            {
                "title": "样式",
                "items": [
                    "paste_style_fills",
                    "paste_style_borders",
                    "paste_style_shadows",
                    "paste_style_innershadows",
                    "paste_style_blur",
                    "-",
                    "add_solid_fill_from_css_color",
                    "fill_color_from_global_colors",
                    "fill_color_from_document_colors",
                    "swap_fill_and_border",
                    "-",
                    "remove_all_disabled_styles",
                    "remove_unused_layer_styles",
                    "remove_unused_text_styles",
                    "-",
                    "create_color_guide",
                    "create_typography_guide",
                    "-",
                    "import_document_assets_from_sketch_file",
                    "import_text_styles_from_sketch_file",
                    "import_layer_styles_from_sketch_file"
                ]
            },
            {
                "title": "辅助线",
                "items": [
                    "copy_grid_setting",
                    "paste_grid_setting",
                    "hide_all_grid",
                    "grid_setting",
                    "-",
                    "copy_layout_setting",
                    "paste_layout_setting",
                    "hide_all_layout",
                    "-",
                    "copy_guide_setting",
                    "paste_guide_setting",
                    "clear_guides"
                ]
            },
            {
                "title": "文字",
                "items": [
                    "capitalize",
                    "baseline",
                    "-",
                    "change_text_orientation",
                    "change_typeface_for_the_latin_character_set",
                    "add_space_between_cjk_and_western_character",
                    "-",
                    "replace_fonts",
                    "replace_missing_fonts",
                    "-",
                    "resize_fit_text_height",
                    "-",
                    "unfixed_layer_name"
                ]
            },
            {
                "title": "切片",
                "items": [
                    "auto_slice",
                    "-",
                    "clear_slices",
                    "clear_exportables",
                    "-",
                    "save_export_presets",
                    "load_export_presets"
                ]
            },
            {
                "title": "實用工具",
                "items": [
                    "svg_export_setting",
                    "nudge_distance_setting",
                    "-",
                    "convert_to_other_version"
                ]
            },
            {
                "title": "開發",
                "items": [
                    "copy_slice_as_base64",
                    "-",
                    "copy_selected_layer_name",
                    "copy_objectid_or_symbolid",
                    "-",
                    "show_file_in_finder",
                    "open_terminal_at_file_folder",
                    "-",
                    "script_editor_setting",
                    "edit_plugin_setting",
                    "reload_plugins"
                ]
            },
            {
                "title": "幫助",
                "items": [
                    "web_site",
                    "report_issue",
                    "-",
                    "change_language",
                    "-",
                    "donate"
                ]
            }
        ]
    }
}
