{
    "name": "Automate Sketch",
    "description": "让您的工作更高效。",
    "author": "Ashung Hung",
    "email": "Ashung.hung@gmail.com",
    "homepage": "https://github.com/Ashung/Automate-Sketch",
    "appcast": "https://ashung.github.io/Automate-Sketch/appcast.xml",
    "version": "48.2.20180123",
    "identifier": "com.ashung.hung.automate_sketch",
    "compatibleVersion": "40",
    "bundleVersion": "1",
    "commands": [
        {
            "name": "带边距适配父级宽",
            "identifier": "fix_to_parent_width_with_margin",
            "handler": "fixToParentWidthWithMargin",
            "script": "Layer/Fix_to_Parent_Width_or_Height_with_Margin.cocoascript"
        },
        {
            "name": "带边距适配父级高",
            "identifier": "fix_to_parent_height_with_margin",
            "handler": "fixToParentHeightWithMargin",
            "script": "Layer/Fix_to_Parent_Width_or_Height_with_Margin.cocoascript"
        },
        {
            "name": "带边距适配父级",
            "identifier": "fix_to_parent_with_margin",
            "script": "Layer/Fix_to_Parent_with_Margin.cocoascript"
        },
        {
            "name": "为选中对象增加边界层",
            "identifier": "bounds_layer_for_every_selection",
            "script": "Layer/Bounds_Layer_for_Every_Selection.cocoascript"
        },
        {
            "name": "均分图层",
            "identifier": "divide_layer",
            "script": "Layer/Divide_Layer.cocoascript"
        },
        {
            "name": "解锁当页所有图层",
            "identifier": "unlock_all_layers",
            "script": "Layer/Unlock_All_Layers.cocoascript"
        },
        {
            "name": "穿透点击关闭",
            "identifier": "click_through_off",
            "handler": "clickThroughOff",
            "script": "Layer/Click_Through.cocoascript"
        },
        {
            "name": "穿透点击开启",
            "identifier": "click_through_on",
            "handler": "clickThroughOn",
            "script": "Layer/Click_Through.cocoascript"
        },
        {
            "name": "组",
            "identifier": "select_layers_by_type_group",
            "handler": "selectAllGroupsInSelection",
            "script": "Layer/Select_Layers_By_Type.cocoascript"
        },
        {
            "name": "文本图层",
            "identifier": "select_layers_by_type_text",
            "handler": "selectAllTextsInSelection",
            "script": "Layer/Select_Layers_By_Type.cocoascript"
        },
        {
            "name": "形状图层",
            "identifier": "select_layers_by_type_shape",
            "handler": "selectAllShapesInSelection",
            "script": "Layer/Select_Layers_By_Type.cocoascript"
        },
        {
            "name": "图形",
            "identifier": "select_layers_by_type_image",
            "handler": "selectAllImagesInSelection",
            "script": "Layer/Select_Layers_By_Type.cocoascript"
        },
        {
            "name": "组件实例",
            "identifier": "select_layers_by_type_symbol_instance",
            "handler": "selectAllSymbolInstancesInSelection",
            "script": "Layer/Select_Layers_By_Type.cocoascript"
        },
        {
            "name": "切片",
            "identifier": "select_layers_by_type_slice",
            "handler": "selectAllSlicesInSelection",
            "script": "Layer/Select_Layers_By_Type.cocoascript"
        },
        {
            "name": "可导出图层",
            "identifier": "select_layers_by_type_exportable",
            "handler": "selectAllExportableInSelection",
            "script": "Layer/Select_Layers_By_Type.cocoascript"
        },
        {
            "name": "基于名称选择选中对象内所有图层",
            "identifier": "select_layers_by_name",
            "script": "Layer/Select_Layers_By_Name.cocoascript"
        },
        {
            "name": "隐藏图层",
            "identifier": "select_all_hidden_layers",
            "script": "Layer/Select_All_Hidden_Layers.cocoascript"
        },
        {
            "name": "选择选中对象内所有子图层",
            "identifier": "select_all_child_layers",
            "script": "Layer/Select_All_Child_Layers.cocoascript"
        },
        {
            "name": "选择父级",
            "identifier": "select_parent_groups",
            "script": "Layer/Select_Parent_Groups.cocoascript"
        },
        {
            "name": "清理图层名",
            "identifier": "clear_layer_name",
            "script": "Layer/Clear_Layer_Name.cocoascript"
        },
        {
            "name": "删除不必要的嵌套组",
            "identifier": "remove_redundant_groups",
            "script": "Layer/Remove_Redundant_Groups.cocoascript"
        },
        {
            "name": "清除空图层组",
            "identifier": "remove_empty_groups",
            "script": "Layer/Remove_Empty_Groups.cocoascript"
        },
        {
            "name": "清除隐藏图层",
            "identifier": "remove_hidden_layers",
            "script": "Layer/Remove_Hidden_Layers.cocoascript"
        },
        {
            "name": "创建引用图层",
            "identifier": "create_include_layer",
            "handler": "createIncludeLayer",
            "script": "Layer/Include_Layers.cocoascript"
        },
        {
            "name": "同步引用图层",
            "identifier": "sync_include_layers",
            "handler": "syncIncludeLayers",
            "script": "Layer/Include_Layers.cocoascript"
        },
        {
            "name": "两对象互换位置",
            "identifier": "change_layer_places",
            "script": "Arrange/Change_Places.cocoascript"
        },
        {
            "name": "两对象基于中心互换位置",
            "identifier": "change_layer_places_center",
            "script": "Arrange/Change_Places.cocoascript"
        },
        {
            "name": "水平排列对象",
            "identifier": "tile_layers_by_position_x",
            "handler": "tileLayersByPositionX",
            "script": "Arrange/Tile_Objects.cocoascript"
        },
        {
            "name": "垂直排列对象",
            "identifier": "tile_layers_by_position_y",
            "handler": "tileLayersByPositionY",
            "script": "Arrange/Tile_Objects.cocoascript"
        },
        {
            "name": "据图层列表顺序水平排列对象",
            "identifier": "tile_layers_horizontally_by_index",
            "handler": "tileLayersHorizontallyByIndex",
            "script": "Arrange/Tile_Objects.cocoascript"
        },
        {
            "name": "据图层列表顺序垂直排列对象",
            "identifier": "tile_layers_vertically_by_index",
            "handler": "tileLayersVerticallyByIndex",
            "script": "Arrange/Tile_Objects.cocoascript"
        },
        {
            "name": "X 坐标值",
            "identifier": "order_layers_by_x",
            "handler": "orderLayersByX",
            "script": "Arrange/Order_Layers_by_Position_XY.cocoascript"
        },
        {
            "name": "Y 坐标值",
            "identifier": "order_layers_by_y",
            "handler": "orderLayersByY",
            "script": "Arrange/Order_Layers_by_Position_XY.cocoascript"
        },
        {
            "name": "反转列表顺序",
            "identifier": "reverse_layer_order",
            "script": "Arrange/Reverse_Layer_Order.cocoascript"
        },
        {
            "name": "名称",
            "identifier": "order_layers_by_name",
            "script": "Arrange/Order_Layers_by_Name.cocoascript"
        },
        {
            "name": "类型",
            "identifier": "order_layers_by_kind",
            "script": "Arrange/Order_Layers_by_Kind.cocoascript"
        },
        {
            "name": "首字大写",
            "identifier": "capitalize",
            "script": "Type/Capitalize.cocoascript"
        },
        {
            "name": "更改西文字体",
            "identifier": "change_typeface_for_the_latin_character_set",
            "script": "Type/Change_Typeface_for_the_Latin_Character_Set.cocoascript"
        },
        {
            "name": "中西文字体间增加空格",
            "identifier": "add_space_between_cjk_and_western_character",
            "script": "Type/Add_Space_Between_CJK_and_Western_Character.cocoascript"
        },
        {
            "name": "取消当页固定图层名",
            "identifier": "unfixed_layer_name",
            "script": "Type/Unfixed_Layer_Name.cocoascript"
        },
        {
            "name": "替换缺失字体",
            "identifier": "replace_missing_fonts",
            "script": "Type/Replace_Missing_Fonts.cocoascript"
        },
        {
            "name": "替换字体",
            "identifier": "replace_fonts",
            "script": "Type/Replace_Fonts.cocoascript"
        },
        {
            "name": "清除当页切片",
            "identifier": "clear_slices",
            "script": "Slice/Clear_Slices.cocoascript"
        },
        {
            "name": "清除全部可导出设置",
            "identifier": "clear_exportables",
            "script": "Slice/Clear_Exportables.cocoascript"
        },
        {
            "name": "从选择对象新建画板",
            "identifier": "artboard_from_selection",
            "script": "Artboard/Artboard_from_Selection.cocoascript"
        },
        {
            "name": "从组新建画板",
            "identifier": "artboard_from_group",
            "script": "Artboard/Artboard_From_Group.cocoascript"
        },
        {
            "name": "画板转为组",
            "identifier": "artboard_to_group",
            "script": "Artboard/Artboard_to_Group.cocoascript"
        },
        {
            "name": "导出所有画板",
            "identifier": "export_all_artboards",
            "script": "Artboard/Export_All_Artboards.cocoascript"
        },
        {
            "name": "将所有画板导出为 HTML",
            "identifier": "export_all_artboards_to_html",
            "script": "Artboard/Export_All_Artboards_to_HTML.cocoascript"
        },
        {
            "name": "调整画板以适配高度",
            "identifier": "resize_to_fit_height",
            "script": "Artboard/Resize_to_Fit_Height.cocoascript"
        },
        {
            "name": "移动画板至另一画板下方",
            "identifier": "move_artboards_to_bottom_of_another",
            "script": "Artboard/Move_Artboards_to_Bottom_of_Another.cocoascript"
        },
        {
            "name": "选择组件的所有实例",
            "identifier": "select_all_instances_of_symbol",
            "script": "Symbol/Select_All_Instances_of_Symbol.cocoascript"
        },
        {
            "name": "重命名实例",
            "identifier": "rename_instances",
            "script": "Symbol/Rename_Instances.cocoascript"
        },
        {
            "name": "自定义实例名称",
            "identifier": "custom_instances_name",
            "script": "Symbol/Custom_Instances_Name.cocoascript"
        },
        {
            "name": "将选中图层直接变为组件",
            "identifier": "selection_to_symbol_master",
            "script": "Symbol/Selection_to_Symbol.cocoascript"
        },
        {
            "name": "将选中的未用组件转为组",
            "identifier": "detach_unused_symbol_master",
            "script": "Symbol/Detach_Unused_Symbol_Master.cocoascript"
        },
        {
            "name": "删除未用组件",
            "identifier": "remove_unused_symbols",
            "script": "Symbol/Remove_Unused_Symbols_New.cocoascript"
        },
        {
            "name": "删除未用组件 (旧版兼容)",
            "identifier": "remove_unused_symbols_old",
            "script": "Symbol/Remove_Unused_Symbols.cocoascript"
        },
        {
            "name": "设为原始宽度",
            "identifier": "set_to_original_width",
            "script": "Symbol/Set_to_Original_Width_or_Height.cocoascript"
        },
        {
            "name": "设为原始高度",
            "identifier": "set_to_original_height",
            "script": "Symbol/Set_to_Original_Width_or_Height.cocoascript"
        },
        {
            "name": "将所有组件导出为 PNG",
            "identifier": "export_all_symbols_as_png",
            "script": "Symbol/Export_All_Symbols_As_PNG.cocoascript"
        },
        {
            "name": "基于 Symbol ID 从 Sketch 文档同步组件模版",
            "identifier": "sync_symbol_master_from_sketch_file",
            "script": "Symbol/Sync_Symbol_Master_from_Sketch_File.cocoascript"
        },
        {
            "name": "从 Sketch 文档替换同名页面",
            "identifier": "replace_pages_from_sketch_file",
            "script": "Symbol/Replace_Pages_from_Sketch_File.cocoascript"
        },
        {
            "name": "从 CSS 色值添加单色填充",
            "identifier": "add_solid_fill_from_css_color",
            "script": "Style/Add_Solid_Fill_from_CSS_Color.cocoascript"
        },
        {
            "name": "从全局色版快速填充",
            "identifier": "fill_color_from_global_colors",
            "handler": "fillColorFromGlobalColors",
            "script": "Style/Fill_Color_from_Colors.cocoascript"
        },
        {
            "name": "从文档色版快速填充",
            "identifier": "fill_color_from_document_colors",
            "handler": "fillColorFromDocumentColors",
            "script": "Style/Fill_Color_from_Colors.cocoascript"
        },
        {
            "name": "",
            "identifier": "remove_all_disabled_styles",
            "script": "Style/Remove_All_Disabled_Styles.cocoascript"
        },
        {
            "name": "从 Sketch 文档导入资源",
            "identifier": "import_document_assets_from_sketch_file",
            "script": "Style/Import_Document_Assets_From_Sketch_File.cocoascript"
        },
        {
            "name": "从 Sketch 文档导入文本样式",
            "identifier": "import_text_styles_from_sketch_file",
            "script": "Style/Import_Text_Styles_from_Sketch_File.cocoascript"
        },
        {
            "name": "从 Sketch 文档导入图层样式",
            "identifier": "import_layer_styles_from_sketch_file",
            "script": "Style/Import_Layer_Styles_from_Sketch_File.cocoascript"
        },
        {
            "name": "创建色彩指南",
            "identifier": "create_color_guide",
            "script": "Style/Create_Color_Guide.cocoascript"
        },
        {
            "name": "创建字体指南",
            "identifier": "create_typography_guide",
            "script": "Style/Create_Typography_Guide.cocoascript"
        },
        {
            "name": "清除辅助线",
            "identifier": "clear_guides",
            "script": "Guide/Clear_Guides.cocoascript"
        },
        {
            "name": "网格预设",
            "identifier": "grid_setting",
            "script": "Guide/Grid_Setting.cocoascript"
        },
        {
            "name": "SVG 导出设置",
            "identifier": "svg_export_setting",
            "script": "Utilities/SVG_Export_Setting.cocoascript"
        },
        {
            "name": "微调距离设置",
            "identifier": "nudge_distance_setting",
            "script": "Utilities/Nudge_Distance_Setting.cocoascript"
        },
        {
            "name": "网站",
            "identifier": "web_site",
            "handler": "website",
            "script": "Help/help.cocoascript"
        },
        {
            "name": "问题反馈",
            "identifier": "report_issue",
            "handler": "reportIssue",
            "script": "Help/help.cocoascript"
        },
        {
            "name": "捐赠",
            "identifier": "donate",
            "handler": "donate",
            "script": "Help/help.cocoascript"
        },
        {
            "name": "更改菜单语言",
            "identifier": "change_language",
            "script": "Help/Change_Languages.cocoascript"
        },
        {
            "name": "复制选中图层的名称",
            "identifier": "copy_selected_layer_name",
            "script": "Development/Copy_Selected_Layer_Name.cocoascript"
        },
        {
            "name": "复制切片的 Base64",
            "identifier": "copy_slice_as_base64",
            "script": "Development/Copy_Slice_As_Base64.cocoascript"
        },
        {
            "name": "在 Finder 中显示",
            "identifier": "show_file_in_finder",
            "handler": "showFileInFinder",
            "script": "Development/Open_Finder_or_Terminal.cocoascript"
        },
        {
            "name": "在终端打开",
            "identifier": "open_terminal_at_file_folder",
            "handler": "openTerminalAtFileFolder",
            "script": "Development/Open_Finder_or_Terminal.cocoascript"
        },
        {
            "name": "复制对象 ID 或组件 ID",
            "identifier": "copy_objectid_or_symbolid",
            "script": "Development/Copy_ObjectID_or_SymbolID.cocoascript"
        },
        {
            "name": "重新载入插件",
            "identifier": "reload_plugins",
            "script": "Development/Reload_Plugins.cocoascript"
        },
        {
            "name": "外部插件编辑器设置",
            "identifier": "edit_plugin_setting",
            "script": "Development/Edit_Plugin_Setting.cocoascript"
        },
        {
            "name": "脚本编辑器设置",
            "identifier": "script_editor_setting",
            "script": "Development/Script_Editor_Setting.cocoascript"
        },
        {
            "name": "转换 Sketch 文件至其他版本",
            "identifier": "convert_to_other_version",
            "script": "Utilities/Convert_to_Other_Version.cocoascript"
        },
        {
            "name": "粘贴并替换",
            "identifier": "paste_and_replace",
            "script": "Layer/Paste_and_Replace.cocoascript"
        },
        {
            "name": "互换填充和描边",
            "identifier": "swap_fill_and_border",
            "script": "Style/Swap_Fill_and_Border.cocoascript"
        },
        {
            "name": "隐藏所有网格",
            "identifier": "hide_all_grid",
            "script": "Guide/Hide_All_Grid.cocoascript"
        },
        {
            "name": "隐藏所有布局",
            "identifier": "hide_all_layout",
            "script": "Guide/Hide_All_Layout.cocoascript"
        },
        {
            "name": "复制网格",
            "identifier": "copy_grid_setting",
            "handler": "copyGrid",
            "script": "Guide/Copy_and_Paste_Grid_Setting.cocoascript"
        },
        {
            "name": "粘贴网格",
            "identifier": "paste_grid_setting",
            "handler": "pasteGrid",
            "script": "Guide/Copy_and_Paste_Grid_Setting.cocoascript"
        },
        {
            "name": "复制布局",
            "identifier": "copy_layout_setting",
            "handler": "copyLayout",
            "script": "Guide/Copy_and_Paste_Layout_Setting.cocoascript"
        },
        {
            "name": "粘贴布局",
            "identifier": "paste_layout_setting",
            "handler": "pasteLayout",
            "script": "Guide/Copy_and_Paste_Layout_Setting.cocoascript"
        },
        {
            "name": "复制辅助线",
            "identifier": "copy_guide_setting",
            "handler": "copyGuide",
            "script": "Guide/Copy_and_Paste_Guide_Setting.cocoascript"
        },
        {
            "name": "粘贴辅助线",
            "identifier": "paste_guide_setting",
            "handler": "pasteGuide",
            "script": "Guide/Copy_and_Paste_Guide_Setting.cocoascript"
        },
        {
            "name": "智能排列对象",
            "identifier": "arrange_objects",
            "script": "Arrange/Arrange_Objects.cocoascript"
        },
        {
            "name": "修改基线偏移",
            "identifier": "baseline",
            "script": "Type/Baseline.cocoascript"
        },
        {
            "name": "自适应文本高度",
            "identifier": "resize_fit_text_height",
            "script": "Type/Resize_Fit_Text_Height.cocoascript"
        },
        {
            "name": "更改文本书写方向",
            "identifier": "change_text_orientation",
            "script": "Type/Change_Text_Orientation.cocoascript"
        },
        {
            "name": "粘贴填充",
            "identifier": "paste_style_fills",
            "script": "Style/Paste_Style_Part.cocoascript"
        },
        {
            "name": "粘贴描边",
            "identifier": "paste_style_borders",
            "script": "Style/Paste_Style_Part.cocoascript"
        },
        {
            "name": "粘贴投影",
            "identifier": "paste_style_shadows",
            "script": "Style/Paste_Style_Part.cocoascript"
        },
        {
            "name": "粘贴内阴影",
            "identifier": "paste_style_innershadows",
            "script": "Style/Paste_Style_Part.cocoascript"
        },
        {
            "name": "粘贴模糊",
            "identifier": "paste_style_blur",
            "script": "Style/Paste_Style_Part.cocoascript"
        },
        {
            "name": "取消形状图层组",
            "identifier": "ungroup_shape_layer",
            "script": "Layer/Ungroup_Shape_Layer.cocoascript"
        },
        {
            "name": "选择外部组件的所有实例",
            "identifier": "select_all_instances_of_imported_symbol",
            "script": "Symbol/Select_All_Instances_of_Imported_Symbol.cocoascript"
        },
        {
            "name": "基于 Symbol ID 将内部组件转为库组件",
            "identifier": "change_symbols_to_library_symbol",
            "script": "Library/Change_Symbols_to_Library_Symbol.cocoascript"
        },
        {
            "name": "使用库组件替换内部组件",
            "identifier": "replace_symbol_with_library_symbol",
            "script": "Library/Replace_Symbol_With_Library_Symbol.cocoascript"
        },
        {
            "name": "添加库预览图",
            "identifier": "add_library_preview",
            "script": "Library/Add_Library_Preview.cocoascript"
        },
        {
            "name": "删除未使用图层样式",
            "identifier": "remove_unused_layer_styles",
            "script": "Style/Remove_Unused_Styles.cocoascript"
        },
        {
            "name": "删除未使用文本样式",
            "identifier": "remove_unused_text_styles",
            "script": "Style/Remove_Unused_Styles.cocoascript"
        },
        {
            "name": "解决库 ID 冲突",
            "identifier": "fix_library_id_conflict",
            "script": "Library/Fix_Library_ID_Conflict.cocoascript"
        },
        {
            "name": "库组件链接管理",
            "identifier": "imported_symbols_link_manage",
            "script": "Library/Imported_Symbols_Link_Manage.cocoascript"
        },
        {
            "name": "自动切片",
            "identifier": "auto_slice",
            "script": "Slice/Auto_Slice.cocoascript"
        },
        {
            "name": "选择所有兄弟图层",
            "identifier": "select_all_siblings_layers",
            "script": "Layer/Select_All_Siblings_Layers.cocoascript"
        },
        {
            "name": "保存导出预设",
            "identifier": "save_export_presets",
            "handler": "saveExportPresetsToFile",
            "script": "Slice/Export_Presets.cocoascript"
        },
        {
            "name": "载入导出预设",
            "identifier": "load_export_presets",
            "handler": "loadExportPresetsFromFile",
            "script": "Slice/Export_Presets.cocoascript"
        },
        {
            "name": "创建库组件",
            "identifier": "create_library_symbol",
            "script": "Library/Create_Library_Symbol.cocoascript"
        },
        {
            "name": "移动组件模版至另一页",
            "identifier": "move_symbols_to_page",
            "script": "Symbol/Move_Symbols_To_Page.cocoascript"
        }
    ],
    "menu": {
        "isRoot": false,
        "title": "自动化",
        "items": [
            {
                "title": "排列",
                "items": [
                    "change_layer_places",
                    "change_layer_places_center",
                    "-",
                    "tile_layers_by_position_x",
                    "tile_layers_by_position_y",
                    "tile_layers_horizontally_by_index",
                    "tile_layers_vertically_by_index",
                    "-",
                    "arrange_objects",
                    "-",
                    {
                        "title": "调整列表顺序据对象的...",
                        "items": [
                            "order_layers_by_x",
                            "order_layers_by_y",
                            "order_layers_by_name",
                            "order_layers_by_kind"
                        ]
                    },
                    "reverse_layer_order"
                ]
            },
            {
                "title": "图层",
                "items": [
                    "fix_to_parent_with_margin",
                    "fix_to_parent_width_with_margin",
                    "fix_to_parent_height_with_margin",
                    "-",
                    "bounds_layer_for_every_selection",
                    "divide_layer",
                    "ungroup_shape_layer",
                    "-",
                    "unlock_all_layers",
                    "-",
                    "click_through_off",
                    "click_through_on",
                    "-",
                    {
                        "title": "基于类型选择选中对象内所有图层",
                        "items": [
                            "select_layers_by_type_group",
                            "select_layers_by_type_text",
                            "select_layers_by_type_shape",
                            "select_layers_by_type_image",
                            "select_layers_by_type_symbol_instance",
                            "select_layers_by_type_slice",
                            "select_layers_by_type_exportable",
                            "-",
                            "select_all_hidden_layers"
                        ]
                    },
                    "select_layers_by_name",
                    "select_all_child_layers",
                    "select_all_siblings_layers",
                    "select_parent_groups",
                    "-",
                    "paste_and_replace",
                    "-",
                    "remove_redundant_groups",
                    "remove_hidden_layers",
                    "remove_empty_groups",
                    "-",
                    "clear_layer_name",
                    "-",
                    "create_include_layer",
                    "sync_include_layers"
                ]
            },
            {
                "title": "组件",
                "items": [
                    "set_to_original_width",
                    "set_to_original_height",
                    "-",
                    "select_all_instances_of_symbol",
                    "select_all_instances_of_imported_symbol",
                    "rename_instances",
                    "custom_instances_name",
                    "-",
                    "move_symbols_to_page",
                    "selection_to_symbol_master",
                    "detach_unused_symbol_master",
                    "remove_unused_symbols",
                    "remove_unused_symbols_old",
                    "-",
                    "export_all_symbols_as_png",
                    "-",
                    "sync_symbol_master_from_sketch_file",
                    "replace_pages_from_sketch_file"
                ]
            },
            {
                "title": "库",
                "items": [
                    "fix_library_id_conflict",
                    "imported_symbols_link_manage",
                    "-",
                    "replace_symbol_with_library_symbol",
                    "change_symbols_to_library_symbol",
                    "-",
                    "add_library_preview"
                ]
            },
            {
                "title": "画板",
                "items": [
                    "artboard_from_selection",
                    "artboard_from_group",
                    "artboard_to_group",
                    "-",
                    "resize_to_fit_height",
                    "-",
                    "move_artboards_to_bottom_of_another",
                    "-",
                    "export_all_artboards",
                    "export_all_artboards_to_html"
                ]
            },
            {
                "title": "样式",
                "items": [
                    "paste_style_fills",
                    "paste_style_borders",
                    "paste_style_shadows",
                    "paste_style_innershadows",
                    "paste_style_blur",
                    "-",
                    "add_solid_fill_from_css_color",
                    "fill_color_from_global_colors",
                    "fill_color_from_document_colors",
                    "swap_fill_and_border",
                    "-",
                    "remove_all_disabled_styles",
                    "remove_unused_layer_styles",
                    "remove_unused_text_styles",
                    "-",
                    "create_color_guide",
                    "create_typography_guide",
                    "-",
                    "import_document_assets_from_sketch_file",
                    "import_text_styles_from_sketch_file",
                    "import_layer_styles_from_sketch_file"
                ]
            },
            {
                "title": "辅助线",
                "items": [
                    "copy_grid_setting",
                    "paste_grid_setting",
                    "hide_all_grid",
                    "grid_setting",
                    "-",
                    "copy_layout_setting",
                    "paste_layout_setting",
                    "hide_all_layout",
                    "-",
                    "copy_guide_setting",
                    "paste_guide_setting",
                    "clear_guides"
                ]
            },
            {
                "title": "文本",
                "items": [
                    "capitalize",
                    "baseline",
                    "-",
                    "change_text_orientation",
                    "change_typeface_for_the_latin_character_set",
                    "add_space_between_cjk_and_western_character",
                    "-",
                    "replace_fonts",
                    "replace_missing_fonts",
                    "-",
                    "resize_fit_text_height",
                    "-",
                    "unfixed_layer_name"
                ]
            },
            {
                "title": "切片",
                "items": [
                    "auto_slice",
                    "-",
                    "clear_slices",
                    "clear_exportables",
                    "-",
                    "save_export_presets",
                    "load_export_presets"
                ]
            },
            {
                "title": "实用工具",
                "items": [
                    "svg_export_setting",
                    "nudge_distance_setting",
                    "-",
                    "convert_to_other_version"
                ]
            },
            {
                "title": "开发",
                "items": [
                    "copy_slice_as_base64",
                    "-",
                    "copy_selected_layer_name",
                    "copy_objectid_or_symbolid",
                    "-",
                    "show_file_in_finder",
                    "open_terminal_at_file_folder",
                    "-",
                    "script_editor_setting",
                    "edit_plugin_setting",
                    "reload_plugins"
                ]
            },
            {
                "title": "帮助",
                "items": [
                    "web_site",
                    "report_issue",
                    "-",
                    "change_language",
                    "-",
                    "donate"
                ]
            }
        ]
    }
}
