{
    "name": "Automate Sketch",
    "description": "Make your workflow more efficient.",
    "author": "Ashung Hung",
    "email": "Ashung.hung@gmail.com",
    "homepage": "https://github.com/Ashung/Automate-Sketch",
    "appcast": "https://ashung.github.io/Automate-Sketch/appcast.xml",
    "version": "48.2.20180123",
    "identifier": "com.ashung.hung.automate_sketch",
    "compatibleVersion": "40",
    "bundleVersion": "1",
    "commands": [
        {
            "name": "Fix to Parent Width with Margin",
            "identifier": "fix_to_parent_width_with_margin",
            "handler": "fixToParentWidthWithMargin",
            "script": "Layer/Fix_to_Parent_Width_or_Height_with_Margin.cocoascript"
        },
        {
            "name": "Fix to Parent Height with Margin",
            "identifier": "fix_to_parent_height_with_margin",
            "handler": "fixToParentHeightWithMargin",
            "script": "Layer/Fix_to_Parent_Width_or_Height_with_Margin.cocoascript"
        },
        {
            "name": "Fix to Parent with Margins",
            "identifier": "fix_to_parent_with_margin",
            "script": "Layer/Fix_to_Parent_with_Margin.cocoascript"
        },
        {
            "name": "Bounds Layer for Every Selection",
            "identifier": "bounds_layer_for_every_selection",
            "script": "Layer/Bounds_Layer_for_Every_Selection.cocoascript"
        },
        {
            "name": "Divide Layer",
            "identifier": "divide_layer",
            "script": "Layer/Divide_Layer.cocoascript"
        },
        {
            "name": "Unlock All Layers",
            "identifier": "unlock_all_layers",
            "script": "Layer/Unlock_All_Layers.cocoascript"
        },
        {
            "name": "Click Through Off",
            "identifier": "click_through_off",
            "handler": "clickThroughOff",
            "script": "Layer/Click_Through.cocoascript"
        },
        {
            "name": "Click Through On",
            "identifier": "click_through_on",
            "handler": "clickThroughOn",
            "script": "Layer/Click_Through.cocoascript"
        },
        {
            "name": "Groups",
            "identifier": "select_layers_by_type_group",
            "handler": "selectAllGroupsInSelection",
            "script": "Layer/Select_Layers_By_Type.cocoascript"
        },
        {
            "name": "Text Layers",
            "identifier": "select_layers_by_type_text",
            "handler": "selectAllTextsInSelection",
            "script": "Layer/Select_Layers_By_Type.cocoascript"
        },
        {
            "name": "Shape Layers",
            "identifier": "select_layers_by_type_shape",
            "handler": "selectAllShapesInSelection",
            "script": "Layer/Select_Layers_By_Type.cocoascript"
        },
        {
            "name": "Images",
            "identifier": "select_layers_by_type_image",
            "handler": "selectAllImagesInSelection",
            "script": "Layer/Select_Layers_By_Type.cocoascript"
        },
        {
            "name": "Symbol Instances",
            "identifier": "select_layers_by_type_symbol_instance",
            "handler": "selectAllSymbolInstancesInSelection",
            "script": "Layer/Select_Layers_By_Type.cocoascript"
        },
        {
            "name": "Slices",
            "identifier": "select_layers_by_type_slice",
            "handler": "selectAllSlicesInSelection",
            "script": "Layer/Select_Layers_By_Type.cocoascript"
        },
        {
            "name": "Exportable Layers",
            "identifier": "select_layers_by_type_exportable",
            "handler": "selectAllExportableInSelection",
            "script": "Layer/Select_Layers_By_Type.cocoascript"
        },
        {
            "name": "Select Layers in Selection By Name",
            "identifier": "select_layers_by_name",
            "script": "Layer/Select_Layers_By_Name.cocoascript"
        },
        {
            "name": "Hidden Layers",
            "identifier": "select_all_hidden_layers",
            "script": "Layer/Select_All_Hidden_Layers.cocoascript"
        },
        {
            "name": "Select All Child Layers",
            "identifier": "select_all_child_layers",
            "script": "Layer/Select_All_Child_Layers.cocoascript"
        },
        {
            "name": "Select Parent Groups",
            "identifier": "select_parent_groups",
            "script": "Layer/Select_Parent_Groups.cocoascript"
        },
        {
            "name": "Clear Layer Name",
            "identifier": "clear_layer_name",
            "script": "Layer/Clear_Layer_Name.cocoascript"
        },
        {
            "name": "Remove Redundant Groups",
            "identifier": "remove_redundant_groups",
            "script": "Layer/Remove_Redundant_Groups.cocoascript"
        },
        {
            "name": "Remove Empty Groups",
            "identifier": "remove_empty_groups",
            "script": "Layer/Remove_Empty_Groups.cocoascript"
        },
        {
            "name": "Remove Hidden Layers",
            "identifier": "remove_hidden_layers",
            "script": "Layer/Remove_Hidden_Layers.cocoascript"
        },
        {
            "name": "Create Include Layer",
            "identifier": "create_include_layer",
            "handler": "createIncludeLayer",
            "script": "Layer/Include_Layers.cocoascript"
        },
        {
            "name": "Sync Include Layers",
            "identifier": "sync_include_layers",
            "handler": "syncIncludeLayers",
            "script": "Layer/Include_Layers.cocoascript"
        },
        {
            "name": "Change Places Between Two Objects",
            "identifier": "change_layer_places",
            "script": "Arrange/Change_Places.cocoascript"
        },
        {
            "name": "Change Places Between Two Objects (center)",
            "identifier": "change_layer_places_center",
            "script": "Arrange/Change_Places.cocoascript"
        },
        {
            "name": "Tile Objects by Position X",
            "identifier": "tile_layers_by_position_x",
            "handler": "tileLayersByPositionX",
            "script": "Arrange/Tile_Objects.cocoascript"
        },
        {
            "name": "Tile Objects by Position Y",
            "identifier": "tile_layers_by_position_y",
            "handler": "tileLayersByPositionY",
            "script": "Arrange/Tile_Objects.cocoascript"
        },
        {
            "name": "Tile Objects Horizontally by Index",
            "identifier": "tile_layers_horizontally_by_index",
            "handler": "tileLayersHorizontallyByIndex",
            "script": "Arrange/Tile_Objects.cocoascript"
        },
        {
            "name": "Tile Objects Vertically by Index",
            "identifier": "tile_layers_vertically_by_index",
            "handler": "tileLayersVerticallyByIndex",
            "script": "Arrange/Tile_Objects.cocoascript"
        },
        {
            "name": "Position X",
            "identifier": "order_layers_by_x",
            "handler": "orderLayersByX",
            "script": "Arrange/Order_Layers_by_Position_XY.cocoascript"
        },
        {
            "name": "Position Y",
            "identifier": "order_layers_by_y",
            "handler": "orderLayersByY",
            "script": "Arrange/Order_Layers_by_Position_XY.cocoascript"
        },
        {
            "name": "Reverse Layer Order",
            "identifier": "reverse_layer_order",
            "script": "Arrange/Reverse_Layer_Order.cocoascript"
        },
        {
            "name": "Name",
            "identifier": "order_layers_by_name",
            "script": "Arrange/Order_Layers_by_Name.cocoascript"
        },
        {
            "name": "Kind",
            "identifier": "order_layers_by_kind",
            "script": "Arrange/Order_Layers_by_Kind.cocoascript"
        },
        {
            "name": "Capitalize",
            "identifier": "capitalize",
            "script": "Type/Capitalize.cocoascript"
        },
        {
            "name": "Change Typeface for Latin Character",
            "identifier": "change_typeface_for_the_latin_character_set",
            "script": "Type/Change_Typeface_for_the_Latin_Character_Set.cocoascript"
        },
        {
            "name": "Add Space Between CJK and Latin Character",
            "identifier": "add_space_between_cjk_and_western_character",
            "script": "Type/Add_Space_Between_CJK_and_Western_Character.cocoascript"
        },
        {
            "name": "Unfixed Layer Name",
            "identifier": "unfixed_layer_name",
            "script": "Type/Unfixed_Layer_Name.cocoascript"
        },
        {
            "name": "Replace Missing Fonts",
            "identifier": "replace_missing_fonts",
            "script": "Type/Replace_Missing_Fonts.cocoascript"
        },
        {
            "name": "Replace Fonts",
            "identifier": "replace_fonts",
            "script": "Type/Replace_Fonts.cocoascript"
        },
        {
            "name": "Remove All Slices",
            "identifier": "clear_slices",
            "script": "Slice/Clear_Slices.cocoascript"
        },
        {
            "name": "Clear All Exportables",
            "identifier": "clear_exportables",
            "script": "Slice/Clear_Exportables.cocoascript"
        },
        {
            "name": "Artboard From Selection",
            "identifier": "artboard_from_selection",
            "script": "Artboard/Artboard_from_Selection.cocoascript"
        },
        {
            "name": "Artboard From Group",
            "identifier": "artboard_from_group",
            "script": "Artboard/Artboard_From_Group.cocoascript"
        },
        {
            "name": "Artboard To Group",
            "identifier": "artboard_to_group",
            "script": "Artboard/Artboard_to_Group.cocoascript"
        },
        {
            "name": "Export All Artboards",
            "identifier": "export_all_artboards",
            "script": "Artboard/Export_All_Artboards.cocoascript"
        },
        {
            "name": "Export All Artboards to HTML",
            "identifier": "export_all_artboards_to_html",
            "script": "Artboard/Export_All_Artboards_to_HTML.cocoascript"
        },
        {
            "name": "Resize to Fit Height",
            "identifier": "resize_to_fit_height",
            "script": "Artboard/Resize_to_Fit_Height.cocoascript"
        },
        {
            "name": "Move Artboards to Bottom of Another",
            "identifier": "move_artboards_to_bottom_of_another",
            "script": "Artboard/Move_Artboards_to_Bottom_of_Another.cocoascript"
        },
        {
            "name": "Select All Instances of Symbol",
            "identifier": "select_all_instances_of_symbol",
            "script": "Symbol/Select_All_Instances_of_Symbol.cocoascript"
        },
        {
            "name": "Rename Instances",
            "identifier": "rename_instances",
            "script": "Symbol/Rename_Instances.cocoascript"
        },
        {
            "name": "Custom Instances Name",
            "identifier": "custom_instances_name",
            "script": "Symbol/Custom_Instances_Name.cocoascript"
        },
        {
            "name": "Selection to Symbol Master",
            "identifier": "selection_to_symbol_master",
            "script": "Symbol/Selection_to_Symbol.cocoascript"
        },
        {
            "name": "Detach Unused Symbol Master",
            "identifier": "detach_unused_symbol_master",
            "script": "Symbol/Detach_Unused_Symbol_Master.cocoascript"
        },
        {
            "name": "Remove Unused Symbols",
            "identifier": "remove_unused_symbols",
            "script": "Symbol/Remove_Unused_Symbols_New.cocoascript"
        },
        {
            "name": "Remove Unused Symbols (Legacy)",
            "identifier": "remove_unused_symbols_old",
            "script": "Symbol/Remove_Unused_Symbols.cocoascript"
        },
        {
            "name": "Set to Original Width",
            "identifier": "set_to_original_width",
            "script": "Symbol/Set_to_Original_Width_or_Height.cocoascript"
        },
        {
            "name": "Set to Original Height",
            "identifier": "set_to_original_height",
            "script": "Symbol/Set_to_Original_Width_or_Height.cocoascript"
        },
        {
            "name": "Export All Symbols As PNG",
            "identifier": "export_all_symbols_as_png",
            "script": "Symbol/Export_All_Symbols_As_PNG.cocoascript"
        },
        {
            "name": "Sync Symbol Master from Sketch File base Symbol ID",
            "identifier": "sync_symbol_master_from_sketch_file",
            "script": "Symbol/Sync_Symbol_Master_from_Sketch_File.cocoascript"
        },
        {
            "name": "Replace Pages with Same Name From Sketch File",
            "identifier": "replace_pages_from_sketch_file",
            "script": "Symbol/Replace_Pages_from_Sketch_File.cocoascript"
        },
        {
            "name": "Add Solid Fill from CSS Color",
            "identifier": "add_solid_fill_from_css_color",
            "script": "Style/Add_Solid_Fill_from_CSS_Color.cocoascript"
        },
        {
            "name": "Fill Color from Global Colors",
            "identifier": "fill_color_from_global_colors",
            "handler": "fillColorFromGlobalColors",
            "script": "Style/Fill_Color_from_Colors.cocoascript"
        },
        {
            "name": "Fill Color from Document Colors",
            "identifier": "fill_color_from_document_colors",
            "handler": "fillColorFromDocumentColors",
            "script": "Style/Fill_Color_from_Colors.cocoascript"
        },
        {
            "name": "Remove All Disabled Styles",
            "identifier": "remove_all_disabled_styles",
            "script": "Style/Remove_All_Disabled_Styles.cocoascript"
        },
        {
            "name": "Import Document Assets from Sketch File",
            "identifier": "import_document_assets_from_sketch_file",
            "script": "Style/Import_Document_Assets_From_Sketch_File.cocoascript"
        },
        {
            "name": "Import Text Styles from Sketch File",
            "identifier": "import_text_styles_from_sketch_file",
            "script": "Style/Import_Text_Styles_from_Sketch_File.cocoascript"
        },
        {
            "name": "Import Layer Styles from Sketch File",
            "identifier": "import_layer_styles_from_sketch_file",
            "script": "Style/Import_Layer_Styles_from_Sketch_File.cocoascript"
        },
        {
            "name": "Create Color Guide",
            "identifier": "create_color_guide",
            "script": "Style/Create_Color_Guide.cocoascript"
        },
        {
            "name": "Create Typography Guide",
            "identifier": "create_typography_guide",
            "script": "Style/Create_Typography_Guide.cocoascript"
        },
        {
            "name": "Clear Guides",
            "identifier": "clear_guides",
            "script": "Guide/Clear_Guides.cocoascript"
        },
        {
            "name": "Grid Presets",
            "identifier": "grid_setting",
            "script": "Guide/Grid_Setting.cocoascript"
        },
        {
            "name": "SVG Export Setting",
            "identifier": "svg_export_setting",
            "script": "Utilities/SVG_Export_Setting.cocoascript"
        },
        {
            "name": "Nudge Distance Setting",
            "identifier": "nudge_distance_setting",
            "script": "Utilities/Nudge_Distance_Setting.cocoascript"
        },
        {
            "name": "Web Site",
            "identifier": "web_site",
            "handler": "website",
            "script": "Help/help.cocoascript"
        },
        {
            "name": "Report Issue",
            "identifier": "report_issue",
            "handler": "reportIssue",
            "script": "Help/help.cocoascript"
        },
        {
            "name": "Donate",
            "identifier": "donate",
            "handler": "donate",
            "script": "Help/help.cocoascript"
        },
        {
            "name": "Change Language",
            "identifier": "change_language",
            "script": "Help/Change_Languages.cocoascript"
        },
        {
            "name": "Copy Selected Layer Name",
            "identifier": "copy_selected_layer_name",
            "script": "Development/Copy_Selected_Layer_Name.cocoascript"
        },
        {
            "name": "Copy Slice As Base64",
            "identifier": "copy_slice_as_base64",
            "script": "Development/Copy_Slice_As_Base64.cocoascript"
        },
        {
            "name": "Show File in Finder",
            "identifier": "show_file_in_finder",
            "handler": "showFileInFinder",
            "script": "Development/Open_Finder_or_Terminal.cocoascript"
        },
        {
            "name": "Open Terminal at File Folder",
            "identifier": "open_terminal_at_file_folder",
            "handler": "openTerminalAtFileFolder",
            "script": "Development/Open_Finder_or_Terminal.cocoascript"
        },
        {
            "name": "Copy Object ID or Symbol ID",
            "identifier": "copy_objectid_or_symbolid",
            "script": "Development/Copy_ObjectID_or_SymbolID.cocoascript"
        },
        {
            "name": "Reload Plugins",
            "identifier": "reload_plugins",
            "script": "Development/Reload_Plugins.cocoascript"
        },
        {
            "name": "Plugin Editor Setting",
            "identifier": "edit_plugin_setting",
            "script": "Development/Edit_Plugin_Setting.cocoascript"
        },
        {
            "name": "Script Editor Setting",
            "identifier": "script_editor_setting",
            "script": "Development/Script_Editor_Setting.cocoascript"
        },
        {
            "name": "Convert Sketch File to Other Version",
            "identifier": "convert_to_other_version",
            "script": "Utilities/Convert_to_Other_Version.cocoascript"
        },
        {
            "name": "Paste and Replace",
            "identifier": "paste_and_replace",
            "script": "Layer/Paste_and_Replace.cocoascript"
        },
        {
            "name": "Swap Fill and Border",
            "identifier": "swap_fill_and_border",
            "script": "Style/Swap_Fill_and_Border.cocoascript"
        },
        {
            "name": "Hide All Grid",
            "identifier": "hide_all_grid",
            "script": "Guide/Hide_All_Grid.cocoascript"
        },
        {
            "name": "Hide All Layout",
            "identifier": "hide_all_layout",
            "script": "Guide/Hide_All_Layout.cocoascript"
        },
        {
            "name": "Copy Grid",
            "identifier": "copy_grid_setting",
            "handler": "copyGrid",
            "script": "Guide/Copy_and_Paste_Grid_Setting.cocoascript"
        },
        {
            "name": "Paste Grid",
            "identifier": "paste_grid_setting",
            "handler": "pasteGrid",
            "script": "Guide/Copy_and_Paste_Grid_Setting.cocoascript"
        },
        {
            "name": "Copy Layout",
            "identifier": "copy_layout_setting",
            "handler": "copyLayout",
            "script": "Guide/Copy_and_Paste_Layout_Setting.cocoascript"
        },
        {
            "name": "Paste Layout",
            "identifier": "paste_layout_setting",
            "handler": "pasteLayout",
            "script": "Guide/Copy_and_Paste_Layout_Setting.cocoascript"
        },
        {
            "name": "Copy Guide",
            "identifier": "copy_guide_setting",
            "handler": "copyGuide",
            "script": "Guide/Copy_and_Paste_Guide_Setting.cocoascript"
        },
        {
            "name": "Paste Guide",
            "identifier": "paste_guide_setting",
            "handler": "pasteGuide",
            "script": "Guide/Copy_and_Paste_Guide_Setting.cocoascript"
        },
        {
            "name": "Arrange Objects",
            "identifier": "arrange_objects",
            "script": "Arrange/Arrange_Objects.cocoascript"
        },
        {
            "name": "Change Baseline Offset",
            "identifier": "baseline",
            "script": "Type/Baseline.cocoascript"
        },
        {
            "name": "Resize to Fix Text Height",
            "identifier": "resize_fit_text_height",
            "script": "Type/Resize_Fit_Text_Height.cocoascript"
        },
        {
            "name": "Change Text Orientation",
            "identifier": "change_text_orientation",
            "script": "Type/Change_Text_Orientation.cocoascript"
        },
        {
            "name": "Paste Fills",
            "identifier": "paste_style_fills",
            "script": "Style/Paste_Style_Part.cocoascript"
        },
        {
            "name": "Paste Borders",
            "identifier": "paste_style_borders",
            "script": "Style/Paste_Style_Part.cocoascript"
        },
        {
            "name": "Paste Shadows",
            "identifier": "paste_style_shadows",
            "script": "Style/Paste_Style_Part.cocoascript"
        },
        {
            "name": "Paste Inner Shadows",
            "identifier": "paste_style_innershadows",
            "script": "Style/Paste_Style_Part.cocoascript"
        },
        {
            "name": "Paste Blur",
            "identifier": "paste_style_blur",
            "script": "Style/Paste_Style_Part.cocoascript"
        },
        {
            "name": "Ungroup Shape Layer",
            "identifier": "ungroup_shape_layer",
            "script": "Layer/Ungroup_Shape_Layer.cocoascript"
        },
        {
            "name": "Select All Instances of Imported Symbol",
            "identifier": "select_all_instances_of_imported_symbol",
            "script": "Symbol/Select_All_Instances_of_Imported_Symbol.cocoascript"
        },
        {
            "name": "Change Symbols to Library Symbol Base Symbol ID",
            "identifier": "change_symbols_to_library_symbol",
            "script": "Library/Change_Symbols_to_Library_Symbol.cocoascript"
        },
        {
            "name": "Replace Symbol With Library Symbol",
            "identifier": "replace_symbol_with_library_symbol",
            "script": "Library/Replace_Symbol_With_Library_Symbol.cocoascript"
        },
        {
            "name": "Add Library Preview Artboard",
            "identifier": "add_library_preview",
            "script": "Library/Add_Library_Preview.cocoascript"
        },
        {
            "name": "Remove Unused Layer Styles",
            "identifier": "remove_unused_layer_styles",
            "script": "Style/Remove_Unused_Styles.cocoascript"
        },
        {
            "name": "Remove Unused Text Styles",
            "identifier": "remove_unused_text_styles",
            "script": "Style/Remove_Unused_Styles.cocoascript"
        },
        {
            "name": "Fix Library ID Conflict",
            "identifier": "fix_library_id_conflict",
            "script": "Library/Fix_Library_ID_Conflict.cocoascript"
        },
        {
            "name": "Imported Symbols Link Manage",
            "identifier": "imported_symbols_link_manage",
            "script": "Library/Imported_Symbols_Link_Manage.cocoascript"
        },
        {
            "name": "Auto Slice",
            "identifier": "auto_slice",
            "script": "Slice/Auto_Slice.cocoascript"
        },
        {
            "name": "Select All Siblings Layers",
            "identifier": "select_all_siblings_layers",
            "script": "Layer/Select_All_Siblings_Layers.cocoascript"
        },
        {
            "name": "Save Export Presets",
            "identifier": "save_export_presets",
            "handler": "saveExportPresetsToFile",
            "script": "Slice/Export_Presets.cocoascript"
        },
        {
            "name": "Load Export Presets",
            "identifier": "load_export_presets",
            "handler": "loadExportPresetsFromFile",
            "script": "Slice/Export_Presets.cocoascript"
        },
        {
            "name": "Create Library Symbol",
            "identifier": "create_library_symbol",
            "script": "Library/Create_Library_Symbol.cocoascript"
        },
        {
            "name": "Move Symbol Masters To Another Page",
            "identifier": "move_symbols_to_page",
            "script": "Symbol/Move_Symbols_To_Page.cocoascript"
        }
    ],
    "menu": {
        "isRoot": false,
        "title": "Automate",
        "items": [
            {
                "title": "Arrange",
                "items": [
                    "change_layer_places",
                    "change_layer_places_center",
                    "-",
                    "tile_layers_by_position_x",
                    "tile_layers_by_position_y",
                    "tile_layers_horizontally_by_index",
                    "tile_layers_vertically_by_index",
                    "-",
                    "arrange_objects",
                    "-",
                    {
                        "title": "Order Layers By ...",
                        "items": [
                            "order_layers_by_x",
                            "order_layers_by_y",
                            "order_layers_by_name",
                            "order_layers_by_kind"
                        ]
                    },
                    "reverse_layer_order"
                ]
            },
            {
                "title": "Layer",
                "items": [
                    "fix_to_parent_with_margin",
                    "fix_to_parent_width_with_margin",
                    "fix_to_parent_height_with_margin",
                    "-",
                    "bounds_layer_for_every_selection",
                    "divide_layer",
                    "ungroup_shape_layer",
                    "-",
                    "unlock_all_layers",
                    "-",
                    "click_through_off",
                    "click_through_on",
                    "-",
                    {
                        "title": "Select Layers in Selection By Type",
                        "items": [
                            "select_layers_by_type_group",
                            "select_layers_by_type_text",
                            "select_layers_by_type_shape",
                            "select_layers_by_type_image",
                            "select_layers_by_type_symbol_instance",
                            "select_layers_by_type_slice",
                            "select_layers_by_type_exportable",
                            "-",
                            "select_all_hidden_layers"
                        ]
                    },
                    "select_layers_by_name",
                    "select_all_child_layers",
                    "select_all_siblings_layers",
                    "select_parent_groups",
                    "-",
                    "paste_and_replace",
                    "-",
                    "remove_redundant_groups",
                    "remove_hidden_layers",
                    "remove_empty_groups",
                    "-",
                    "clear_layer_name",
                    "-",
                    "create_include_layer",
                    "sync_include_layers"
                ]
            },
            {
                "title": "Symbol",
                "items": [
                    "set_to_original_width",
                    "set_to_original_height",
                    "-",
                    "select_all_instances_of_symbol",
                    "select_all_instances_of_imported_symbol",
                    "rename_instances",
                    "custom_instances_name",
                    "-",
                    "move_symbols_to_page",
                    "selection_to_symbol_master",
                    "detach_unused_symbol_master",
                    "remove_unused_symbols",
                    "remove_unused_symbols_old",
                    "-",
                    "export_all_symbols_as_png",
                    "-",
                    "sync_symbol_master_from_sketch_file",
                    "replace_pages_from_sketch_file"
                ]
            },
            {
                "title": "Library",
                "items": [
                    "fix_library_id_conflict",
                    "imported_symbols_link_manage",
                    "-",
                    "replace_symbol_with_library_symbol",
                    "change_symbols_to_library_symbol",
                    "-",
                    "add_library_preview"
                ]
            },
            {
                "title": "Artboard",
                "items": [
                    "artboard_from_selection",
                    "artboard_from_group",
                    "artboard_to_group",
                    "-",
                    "resize_to_fit_height",
                    "-",
                    "move_artboards_to_bottom_of_another",
                    "-",
                    "export_all_artboards",
                    "export_all_artboards_to_html"
                ]
            },
            {
                "title": "Style",
                "items": [
                    "paste_style_fills",
                    "paste_style_borders",
                    "paste_style_shadows",
                    "paste_style_innershadows",
                    "paste_style_blur",
                    "-",
                    "add_solid_fill_from_css_color",
                    "fill_color_from_global_colors",
                    "fill_color_from_document_colors",
                    "swap_fill_and_border",
                    "-",
                    "remove_all_disabled_styles",
                    "remove_unused_layer_styles",
                    "remove_unused_text_styles",
                    "-",
                    "create_color_guide",
                    "create_typography_guide",
                    "-",
                    "import_document_assets_from_sketch_file",
                    "import_text_styles_from_sketch_file",
                    "import_layer_styles_from_sketch_file"
                ]
            },
            {
                "title": "Guide",
                "items": [
                    "copy_grid_setting",
                    "paste_grid_setting",
                    "hide_all_grid",
                    "grid_setting",
                    "-",
                    "copy_layout_setting",
                    "paste_layout_setting",
                    "hide_all_layout",
                    "-",
                    "copy_guide_setting",
                    "paste_guide_setting",
                    "clear_guides"
                ]
            },
            {
                "title": "Type",
                "items": [
                    "capitalize",
                    "baseline",
                    "-",
                    "change_text_orientation",
                    "change_typeface_for_the_latin_character_set",
                    "add_space_between_cjk_and_western_character",
                    "-",
                    "replace_fonts",
                    "replace_missing_fonts",
                    "-",
                    "resize_fit_text_height",
                    "-",
                    "unfixed_layer_name"
                ]
            },
            {
                "title": "Slice",
                "items": [
                    "auto_slice",
                    "-",
                    "clear_slices",
                    "clear_exportables",
                    "-",
                    "save_export_presets",
                    "load_export_presets"
                ]
            },
            {
                "title": "Utilities",
                "items": [
                    "svg_export_setting",
                    "nudge_distance_setting",
                    "-",
                    "convert_to_other_version"
                ]
            },
            {
                "title": "Development",
                "items": [
                    "copy_slice_as_base64",
                    "-",
                    "copy_selected_layer_name",
                    "copy_objectid_or_symbolid",
                    "-",
                    "show_file_in_finder",
                    "open_terminal_at_file_folder",
                    "-",
                    "script_editor_setting",
                    "edit_plugin_setting",
                    "reload_plugins"
                ]
            },
            {
                "title": "Help",
                "items": [
                    "web_site",
                    "report_issue",
                    "-",
                    "change_language",
                    "-",
                    "donate"
                ]
            }
        ]
    }
}
