<?xml version="1.0" encoding="UTF-8" standalone="yes"?>
<rss version="2.0" xmlns:sparkle="http://www.andymatuschak.org/xml-namespaces/sparkle" xmlns:dc="http://purl.org/dc/elements/1.1/">
  <channel>
    <title>Symbol Spacer Sketch Plugin</title>
    <link>https://raw.githubusercontent.com/novemberfiveco/symbol-spacer-sketch-plugin/master/.appcast.xml</link>
    <description>Automatically resize spacing symbols to correct size when changing to different one</description>
    <language>en</language>
    <item>
      <enclosure url="https://github.com/novemberfiveco/symbol-spacer-sketch-plugin/releases/download/v0.1.3/novemberfive-symbol-spacer.sketchplugin.zip" sparkle:version="0.1.3"/>
    </item>
    <item>
      <enclosure url="https://github.com/novemberfiveco/symbol-spacer-sketch-plugin/releases/download/v0.1.2/novemberfive-symbol-spacer.sketchplugin.zip" sparkle:version="0.1.2"/>
    </item>
    <item>
      <enclosure url="https://github.com/novemberfiveco/symbol-spacer-sketch-plugin/releases/download/v0.1.1/novemberfive-symbol-spacer.sketchplugin.zip" sparkle:version="0.1.1"/>
    </item>
    <item>
      <enclosure url="https://github.com/novemberfiveco/symbol-spacer-sketch-plugin/releases/download/v0.1.0/novemberfive-symbol-spacer.sketchplugin.zip" sparkle:version="0.1.0"/>
    </item>
  </channel>
</rss>